"Track URI","Track Name","Artist URI","Artist Name","Album URI","Album Name","Album Release Date","Album Image URL","Disc Number","Track Number","Track Duration (ms)","Track Preview URL","Explicit","Popularity","Added By","Added At"
"spotify:track:21TzvRORDFMAxLScMKDu2e","First and Last and Always","spotify:artist:4HxBVyHaUa60eCSsJWxwWR","Sisters of Mercy","spotify:album:2wOuYERNvxVipFb2JlwvwA","First and Last and Always","1985-01-01","https://i.scdn.co/image/ab67616d0000b27337c60f6a28601243d27d95ac","1","6","255226","https://p.scdn.co/mp3-preview/67debd6ec986d645a2796da996ab36b14ebefb58?cid=9950ac751e34487dbbe027c4fd7f8e99","false","37","spotify:user:sebastianelisapfeifer","2016-04-27T18:35:05Z"
"spotify:track:3xoTGSzIuC0EY4r9ZHBke6","Never Land (A Fragment) - Remastered","spotify:artist:4HxBVyHaUa60eCSsJWxwWR","Sisters of Mercy","spotify:album:7eLzF93T0FDx4hkuQ4juEj","Floodland (Remastered & Expanded; Deluxe Version)","1987","https://i.scdn.co/image/ab67616d0000b2735dce0574efb7374e210ddf48","1","8","169439","https://p.scdn.co/mp3-preview/7be3ef26bea29f7d962039277191a610167c85c4?cid=9950ac751e34487dbbe027c4fd7f8e99","false","26","spotify:user:sebastianelisapfeifer","2016-04-27T18:35:10Z"
"spotify:track:0cddvowG9DCT9VeZxRlPJm","Temple of Love - Extended Version 1983","spotify:artist:4HxBVyHaUa60eCSsJWxwWR","Sisters of Mercy","spotify:album:4gcUrLYtJEV4TPl9vvO0UF","A Slight Case Of Overbombing","1993","https://i.scdn.co/image/ab67616d0000b27324e2c8bd55963e506bc8766e","1","2","488011","","false","0","spotify:user:sebastianelisapfeifer","2016-04-27T18:35:22Z"
"spotify:track:1f1dnYum5WFGzza6sKV8KL","Under The Gun","spotify:artist:4HxBVyHaUa60eCSsJWxwWR","Sisters of Mercy","spotify:album:4gcUrLYtJEV4TPl9vvO0UF","A Slight Case Of Overbombing","1993","https://i.scdn.co/image/ab67616d0000b27324e2c8bd55963e506bc8766e","1","1","343026","","false","0","spotify:user:sebastianelisapfeifer","2017-12-31T15:27:19Z"
"spotify:track:3MMfEMBb5T4dZjuMVBd1Mx","Night","spotify:artist:2XXNoTPVWeJLtaG0s0RHhX","Gild The Mourn","spotify:album:5rarCgkDv0MXbSmGoqgdXt","I-VIII","2016-01-30","https://i.scdn.co/image/ab67616d0000b273bb6500426ec9d46b9d8ee5a1","1","6","196048","https://p.scdn.co/mp3-preview/8dba313f99d6f8cd2bc43140ebedf700a184b285?cid=9950ac751e34487dbbe027c4fd7f8e99","false","0","spotify:user:sebastianelisapfeifer","2018-01-22T13:08:08Z"
"spotify:track:2xStMW45qfOPKABhoyk4ZZ","Sinking","spotify:artist:7bu3H8JO7d0UbMoVzbo70s","The Cure","spotify:album:7zJzNs8eVgbkVVSQSwKRtx","The Head On The Door","1985-08-26","https://i.scdn.co/image/ab67616d0000b2731dda5f57ba5c203f775ea2dd","1","10","297506","https://p.scdn.co/mp3-preview/6244c4ca062068eba3cd9a784d4ba39a84e920fd?cid=9950ac751e34487dbbe027c4fd7f8e99","false","34","spotify:user:sebastianelisapfeifer","2018-01-26T12:40:17Z"
"spotify:track:1Z1pFCLtQof3Qlq1ApMAQc","Boy Sinister","spotify:artist:0nGkRbjHNrPwbjseJ2pckm","The Merry Thoughts","spotify:album:7nOefMeAUUBtNmJ6ocvFaq","Second Generation","2011-06-07","https://i.scdn.co/image/ab67616d0000b273a80e36603c3b789589336784","1","4","210837","https://p.scdn.co/mp3-preview/59c05ee462d705d4f203f331f542845136823eb4?cid=9950ac751e34487dbbe027c4fd7f8e99","false","22","spotify:user:sebastianelisapfeifer","2018-01-28T19:53:48Z"
"spotify:track:2JO3HwMRPeya8bXbtbyPcf","Love Will Tear Us Apart","spotify:artist:432R46LaYsJZV2Gmc4jUV5","Joy Division","spotify:album:0p8Zy0wEzDYiFDcSt07UHe","The Best Of","2008-03-20","https://i.scdn.co/image/ab67616d0000b27365792edb445d4a107dbe97fd","1","9","206866","https://p.scdn.co/mp3-preview/18a4b498250ed137d44823f2d49170be32336433?cid=9950ac751e34487dbbe027c4fd7f8e99","false","70","spotify:user:sebastianelisapfeifer","2018-01-29T12:59:20Z"
"spotify:track:3ePwkVyUDNo4UnITQWZcRS","Spellbound","spotify:artist:1n65zfwYIj5kKEtNgxUlWb","Siouxsie and the Banshees","spotify:album:5ShmAjEGEkWROooVfA0Amb","Juju (Remastered & Expanded)","1981","https://i.scdn.co/image/ab67616d0000b273bf43035d2f880643bd108d01","1","1","197013","","false","0","spotify:user:sebastianelisapfeifer","2018-01-29T13:11:16Z"
"spotify:track:274g0POltAmmFwUOkRN8y5","Flood II - Vinyl Version; New Version for Digital","spotify:artist:4HxBVyHaUa60eCSsJWxwWR","Sisters of Mercy","spotify:album:45hGlbZBJac3W0GuKfk9c8","Floodland Collection","1987-11-13","https://i.scdn.co/image/ab67616d0000b27325a0bf458b6b880eafef419f","1","6","374426","https://p.scdn.co/mp3-preview/b5885f29d9e16453cd19fb6607aee6335a2a6ac1?cid=9950ac751e34487dbbe027c4fd7f8e99","false","24","spotify:user:sebastianelisapfeifer","2018-01-29T13:11:16Z"
"spotify:track:4OGPVpIODtyzIzPOBR7Oak","No Time To Cry","spotify:artist:4HxBVyHaUa60eCSsJWxwWR","Sisters of Mercy","spotify:album:4gcUrLYtJEV4TPl9vvO0UF","A Slight Case Of Overbombing","1993","https://i.scdn.co/image/ab67616d0000b27324e2c8bd55963e506bc8766e","1","10","237866","","false","0","spotify:user:sebastianelisapfeifer","2018-01-29T13:11:16Z"
"spotify:track:7egYV3kDFiYw09fwnaCI9i","Fix","spotify:artist:4HxBVyHaUa60eCSsJWxwWR","Sisters of Mercy","spotify:album:5fdbQYbqTnCLNTibBdoerT","Some Girls Wander by Mistake","1992-09-01","https://i.scdn.co/image/ab67616d0000b27306ac6ffd2f6f0d15d9c545fd","1","8","221648","https://p.scdn.co/mp3-preview/c7ec1ffff9bef0f6d8e5e3740811c31bdf0c7583?cid=9950ac751e34487dbbe027c4fd7f8e99","false","23","spotify:user:sebastianelisapfeifer","2018-01-29T13:11:16Z"
"spotify:track:53O11dqezFoFYaaMjr1SPP","Temple of Love - 1992","spotify:artist:4HxBVyHaUa60eCSsJWxwWR","Sisters of Mercy","spotify:album:5fdbQYbqTnCLNTibBdoerT","Some Girls Wander by Mistake","1992-09-01","https://i.scdn.co/image/ab67616d0000b27306ac6ffd2f6f0d15d9c545fd","1","20","488011","https://p.scdn.co/mp3-preview/b64e5149f3779655ae7d9edf1aa22250c04e6140?cid=9950ac751e34487dbbe027c4fd7f8e99","false","56","spotify:user:sebastianelisapfeifer","2018-01-29T13:11:16Z"
"spotify:track:2GGkzg0n0cTRbg1HGPW4fR","Vision Thing - Canadian Club Remix","spotify:artist:4HxBVyHaUa60eCSsJWxwWR","Sisters of Mercy","spotify:album:5fdbQYbqTnCLNTibBdoerT","Some Girls Wander by Mistake","1992-09-01","https://i.scdn.co/image/ab67616d0000b27306ac6ffd2f6f0d15d9c545fd","1","21","454400","https://p.scdn.co/mp3-preview/1fed7e9e0ccf836883d84fbe91314d023b57c75c?cid=9950ac751e34487dbbe027c4fd7f8e99","false","27","spotify:user:sebastianelisapfeifer","2018-01-29T13:11:16Z"
"spotify:track:002KIBXwb0pa66mPGuPKMr","When You Don't See Me","spotify:artist:4HxBVyHaUa60eCSsJWxwWR","Sisters of Mercy","spotify:album:39YeTqcH6bORvAQDgiTgrb","Vision Thing","1990-03-01","https://i.scdn.co/image/ab67616d0000b273cf4d841762fc1d917cb901fa","1","5","294249","https://p.scdn.co/mp3-preview/c8e974cded2713a23a3b74a663ec17f8a29b84c2?cid=9950ac751e34487dbbe027c4fd7f8e99","false","33","spotify:user:sebastianelisapfeifer","2018-01-29T13:11:16Z"
"spotify:track:514dWOVKq8iHoW4FxVlICo","All The Pretty Little Horses (Vocals - Nick Cave)","spotify:artist:7vF3DcPluq6lZI36VniagW, spotify:artist:1RM5gp0RFfjpJhCYFPB30p","Current 93, Nick Cave","spotify:album:0VO6Btm3dtmI2U4lKcMEoi","Calling For Vanished Faces","1999","https://i.scdn.co/image/ab67616d0000b273a2b558cf61fa2d580e49c28c","1","15","188000","https://p.scdn.co/mp3-preview/8da7e0457713c053fd8d853a52a08cb81ca81db1?cid=9950ac751e34487dbbe027c4fd7f8e99","false","32","spotify:user:sebastianelisapfeifer","2018-01-31T17:11:06Z"
"spotify:track:1yWLndVJKka6oG6d3Z1lex","Dead Souls - From ""The Crow"" Soundtrack","spotify:artist:0X380XXQSNBYuleKzav5UO","Nine Inch Nails","spotify:album:3i13RcPnJ0AkHEamweLGhq","The Downward Spiral","1994-03-08","https://i.scdn.co/image/ab67616d0000b2737af91211211f1aab89014dbb","2","5","293133","","false","0","spotify:user:sebastianelisapfeifer","2018-01-31T19:16:11Z"
"spotify:track:2tuyexwlVmFNecyT1Rblzl","Xavier (Remastered)","spotify:artist:6sq7prp0tj9Abn89khmfja","Dead Can Dance","spotify:album:4a7Go37RQcQJwo9wrFUThL","Within The Realm Of A Dying Sun (Remastered)","1987","https://i.scdn.co/image/ab67616d0000b2731fba04c0098e389427a510ca","1","4","375280","","false","20","spotify:user:sebastianelisapfeifer","2018-02-07T10:35:27Z"
"spotify:track:0sAVYHgKRKG7k9akb7xnjE","Black Planet","spotify:artist:4HxBVyHaUa60eCSsJWxwWR","Sisters of Mercy","spotify:album:2wOuYERNvxVipFb2JlwvwA","First and Last and Always","1985-01-01","https://i.scdn.co/image/ab67616d0000b27337c60f6a28601243d27d95ac","1","1","281826","https://p.scdn.co/mp3-preview/fa9a00763c4972b68d1c2280a0d8d0ef62b83e38?cid=9950ac751e34487dbbe027c4fd7f8e99","false","42","spotify:user:sebastianelisapfeifer","2018-02-08T13:31:35Z"
"spotify:track:7clzk3tSYv6VkQWByftu24","Kiss","spotify:artist:51mEqzVhG2n9nD2kBAnWer, spotify:artist:3SDAI9zyGVTwCsR2KKLdci","London After Midnight, Sean Brennan","spotify:album:6Fm07DM2ampLByR3TOxbIV","Psycho Magnet","2005-01-01","https://i.scdn.co/image/ab67616d0000b2732508b335eaf5831e21a59df5","1","12","384733","https://p.scdn.co/mp3-preview/9ab81941aecc0ccca9a5f19e71fc8f320d23fcab?cid=9950ac751e34487dbbe027c4fd7f8e99","false","41","spotify:user:sebastianelisapfeifer","2018-02-09T09:51:03Z"
"spotify:track:0dbsT0yfLMmppM2EWYRpOb","Where Good Girls Go to Die","spotify:artist:51mEqzVhG2n9nD2kBAnWer, spotify:artist:3SDAI9zyGVTwCsR2KKLdci","London After Midnight, Sean Brennan","spotify:album:6Fm07DM2ampLByR3TOxbIV","Psycho Magnet","2005-01-01","https://i.scdn.co/image/ab67616d0000b2732508b335eaf5831e21a59df5","1","7","256613","https://p.scdn.co/mp3-preview/7b4ed8fc12ea06180c49470a8d6e5bb48011f3ab?cid=9950ac751e34487dbbe027c4fd7f8e99","false","25","spotify:user:sebastianelisapfeifer","2018-02-09T09:51:42Z"
"spotify:track:45kLI8Frlx9W9hQ4b1HPvK","Paris Skyes","spotify:artist:0BTpoAH2U9hbuH2h36KnBt","Big Electric Cat","spotify:album:7ylNQvIFqlugs3b4zwWK8g","Gothic Rock 2","1995","https://i.scdn.co/image/ab67616d0000b273424879a53ae33f91f20f4360","2","12","245666","","false","0","spotify:user:sebastianelisapfeifer","2018-02-19T17:06:11Z"
"spotify:track:2bA2N4TiXPyx7UwzQlypVP","She Cries Alone","spotify:artist:78OgxRnIdBCdFBmKhP2Fz2","Skeletal Family","spotify:album:6uiuucKurNcbu19yszkAaO","Best Of...","1983-01-01","https://i.scdn.co/image/ab67616d0000b2731cda599ee65ceef14f0c90d3","1","5","318000","https://p.scdn.co/mp3-preview/3886e00cd56de69410ec150d9e4363e644a25875?cid=9950ac751e34487dbbe027c4fd7f8e99","false","35","spotify:user:sebastianelisapfeifer","2018-02-27T15:08:13Z"
"spotify:track:3XHAtjNIOHqr35qu9xPwNH","So Sure","spotify:artist:78OgxRnIdBCdFBmKhP2Fz2","Skeletal Family","spotify:album:6uiuucKurNcbu19yszkAaO","Best Of...","1983-01-01","https://i.scdn.co/image/ab67616d0000b2731cda599ee65ceef14f0c90d3","1","10","420266","https://p.scdn.co/mp3-preview/8bfcb90c75e163eeaf11da50d029a2e5fb46eaca?cid=9950ac751e34487dbbe027c4fd7f8e99","false","24","spotify:user:sebastianelisapfeifer","2018-02-27T15:08:13Z"
"spotify:track:2kEGUOJm4HA8Tai47IVxWs","Promised Land","spotify:artist:78OgxRnIdBCdFBmKhP2Fz2","Skeletal Family","spotify:album:2lcq5htyexGO1y1Wg91TWf","Futile Combat","1985-01-01","https://i.scdn.co/image/ab67616d0000b273ecaa85cf73034d3a3065194e","1","10","266573","https://p.scdn.co/mp3-preview/4da6802994665e59f75d31710b60ad159e61679b?cid=9950ac751e34487dbbe027c4fd7f8e99","true","14","spotify:user:sebastianelisapfeifer","2018-02-27T15:08:13Z"
"spotify:track:4eu8mVZODRF09VF3UJPeXi","Day of the Lords - Live","spotify:artist:432R46LaYsJZV2Gmc4jUV5","Joy Division","spotify:album:6NnLjK3TIAx58lkkfySfqn","Les Bains Douches 18 December 1979","2001","https://i.scdn.co/image/ab67616d0000b2735d8c08ecbc726c261b748c87","1","6","279506","https://p.scdn.co/mp3-preview/2802b8d5d73bbd7f4f3f89d84e837ee757b66157?cid=9950ac751e34487dbbe027c4fd7f8e99","false","15","spotify:user:sebastianelisapfeifer","2018-04-09T13:50:38Z"
"spotify:track:1xDYdcZliVU2UA225POWpw","Rain","spotify:artist:0DLfONSFG8AA0cQvh1yCrz","Project Pitchfork","spotify:album:7pwGzC514Pohr45X9ap1C9","Black","2013-01-25","https://i.scdn.co/image/ab67616d0000b273a007c5cadd2d76cb8aa8bd9e","1","5","310694","https://p.scdn.co/mp3-preview/c3b844ca8f5d9c160141ccffcf32dd5603d86cbb?cid=9950ac751e34487dbbe027c4fd7f8e99","false","44","spotify:user:sebastianelisapfeifer","2018-09-11T18:21:14Z"
"spotify:track:4zuJ1LXpRO7z3cRwDD17n7","Low Violet","spotify:artist:0nGkRbjHNrPwbjseJ2pckm","The Merry Thoughts","spotify:album:3CCe2Xu2MatsX4WXmnAiVQ","Angel Child III - Belief in Angels","1998-07-16","https://i.scdn.co/image/ab67616d0000b2739a98a6839bacd182a93e1bb2","1","3","261920","https://p.scdn.co/mp3-preview/09fac75fe478183b05fd64dfc90ddbd4d4b59366?cid=9950ac751e34487dbbe027c4fd7f8e99","false","26","spotify:user:sebastianelisapfeifer","2019-04-02T14:48:41Z"
"spotify:track:705Y4tFsLwkcoGAapOeQCx","Shadow Dance - 12"" Version","spotify:artist:5o091S7arpMWByV0Yu30r0","Eyes Of The Nightmare Jungle","spotify:album:1zp74KK7mXsm41F11GOmUN","Fate","2005-07-06","https://i.scdn.co/image/ab67616d0000b273407ba60c2a40143495db5162","1","8","352200","https://p.scdn.co/mp3-preview/09c8d59bed3090f308bad0afbdd23d1efe2404b5?cid=9950ac751e34487dbbe027c4fd7f8e99","false","35","spotify:user:sebastianelisapfeifer","2019-09-05T21:42:08Z"
"spotify:track:2OG3u2CJvDjgwKgdnHy0Ix","A Day","spotify:artist:1wHmR7I0UlF58WFQexCPha","Clan of Xymox","spotify:album:1fxTpqxWhMTVo6nc3Dh9GB","Clan Of Xymox","1985-07-01","https://i.scdn.co/image/ab67616d0000b273eb271913c4f2a3810911f1a8","1","1","400333","","false","27","spotify:user:sebastianelisapfeifer","2019-09-09T19:44:00Z"
"spotify:track:0TXfAQ5ohVQPzt4Mrr5azG","Your Master is calling","spotify:artist:47oP5alMot58ggzcFwldky","Pink Turns Blue","spotify:album:7fSBShSLe5Glx6sifNLdJF","Meta","1988-10-01","https://i.scdn.co/image/ab67616d0000b27361c7beb19e8fcce94a5c8c11","1","3","463506","https://p.scdn.co/mp3-preview/473552cbeb90eba731228ed231b2db750dcf0de6?cid=9950ac751e34487dbbe027c4fd7f8e99","false","43","spotify:user:sebastianelisapfeifer","2019-09-15T18:52:02Z"
"spotify:track:2mIrfke7vosXAEWfz6ucyo","Lovesong - Remastered","spotify:artist:7bu3H8JO7d0UbMoVzbo70s","The Cure","spotify:album:0H6TddUF2M63ZSHGvhk5yy","Disintegration (Deluxe Edition)","1989-05-02","https://i.scdn.co/image/ab67616d0000b273ee8b603d6c666ba428daac30","1","4","208266","https://p.scdn.co/mp3-preview/1e637f73dd6e7229968de1e53f42bdd5117fde95?cid=9950ac751e34487dbbe027c4fd7f8e99","false","67","spotify:user:sebastianelisapfeifer","2019-11-03T22:21:23Z"
"spotify:track:09OpntwPHuNICsyEt1ETpE","Lullaby","spotify:artist:7bu3H8JO7d0UbMoVzbo70s","The Cure","spotify:album:093amtf9s8VkIdUtvd2Tap","Greatest Hits","2001-01-01","https://i.scdn.co/image/ab67616d0000b273041dc87f77396196f0f41c64","1","10","248973","https://p.scdn.co/mp3-preview/34f7ad769cc03c8551b47af1e110b6ee1a1929bf?cid=9950ac751e34487dbbe027c4fd7f8e99","false","61","spotify:user:sebastianelisapfeifer","2019-11-12T09:34:20Z"
"spotify:track:20yra9oHowhg3JFUovBvoD","Without You","spotify:artist:2WVdNMzmZsrmfPRMGArUCM","Red Sun Revival","spotify:album:6ioNZEU76lt2SmCjDKYua9","Running from the Dawn","2012-10-08","https://i.scdn.co/image/ab67616d0000b273cf0a33f1481ad2b65c44dfaa","1","7","326880","https://p.scdn.co/mp3-preview/8047d118581e3b47b2b0d46a34376698d18b1e09?cid=9950ac751e34487dbbe027c4fd7f8e99","false","1","spotify:user:sebastianelisapfeifer","2019-11-12T09:40:45Z"
"spotify:track:6SceHVgQoC9bXNyJ4O8rTI","Here Today","spotify:artist:4HLWX9kzfraiCsTvrxJEXm","The Chameleons","spotify:album:0b8KChWO3kRpVRZNdNxms3","Script of the Bridge (Remastered)","1983","https://i.scdn.co/image/ab67616d0000b2735afd1a9e9be964296fc9e9d6","1","2","237626","https://p.scdn.co/mp3-preview/522bb8c301cec8a01c11fec92532f119906422f8?cid=9950ac751e34487dbbe027c4fd7f8e99","false","30","spotify:user:sebastianelisapfeifer","2019-11-14T11:04:31Z"
"spotify:track:6TfbfKfIZhNY28UBrdP1mf","Sweetest Chill","spotify:artist:1n65zfwYIj5kKEtNgxUlWb","Siouxsie and the Banshees","spotify:album:4JLLAw7R40SnvwkUt9B63N","Tinderbox","1986-04-21","https://i.scdn.co/image/ab67616d0000b2730218ad99207f343b1f8087c9","1","2","247173","https://p.scdn.co/mp3-preview/288a736725d2597dd38a3f5a092f605bfa52829c?cid=9950ac751e34487dbbe027c4fd7f8e99","false","34","spotify:user:sebastianelisapfeifer","2019-11-14T11:09:29Z"
"spotify:track:0iIcLT8cZcIwn5klxXC6pq","In the Mirror","spotify:artist:59cUJ4FJEmhz26aTmibwB9","Age Of Heaven","spotify:album:1XZHeN074AlNqT5Odl2k4X","Armageddon (Remastered Re-Release)","2014-06-06","https://i.scdn.co/image/ab67616d0000b273dd4320172f4c36b575008e51","1","6","394253","https://p.scdn.co/mp3-preview/e65536ef334ba54c20a6fa9f45b00c37648e11d9?cid=9950ac751e34487dbbe027c4fd7f8e99","false","2","spotify:user:sebastianelisapfeifer","2019-11-14T11:12:32Z"
"spotify:track:1P1u2H8BTKaKTRhsQAwFH4","Thin Flesh","spotify:artist:3r7VhSKMedZrOa3zCD3e7X","Traitrs","spotify:album:5zif8VwNMkLGO0lUvnBHFf","Butcher's Coin","2018-05-18","https://i.scdn.co/image/ab67616d0000b273843a885e78388c260d6de587","1","2","218750","https://p.scdn.co/mp3-preview/56f5b3aad4009b5a4ce53aa447ec8234e9d833c8?cid=9950ac751e34487dbbe027c4fd7f8e99","false","36","spotify:user:sebastianelisapfeifer","2019-11-14T11:18:05Z"
"spotify:track:3XHa9zpSaOgsbb6AKTVfWB","Once Beautiful","spotify:artist:2bVU3rr5CsO9Qh88lFGD1d","The Last Dance","spotify:album:0Plovo31OohNT4QKnk8xN9","Once Beautiful","2009-01-27","https://i.scdn.co/image/ab67616d0000b273cb0a56a5b1d356657399a910","1","2","314826","https://p.scdn.co/mp3-preview/fcce53932a2edca2946a2d32c9adb93556d5ffe3?cid=9950ac751e34487dbbe027c4fd7f8e99","false","18","spotify:user:sebastianelisapfeifer","2019-11-14T11:21:13Z"
"spotify:track:3lM9UdOYvDIs5PSY8aBEl2","Halloween","spotify:artist:1n65zfwYIj5kKEtNgxUlWb","Siouxsie and the Banshees","spotify:album:5OEum65e1HMGX51Ifu51Wb","Juju","1981","https://i.scdn.co/image/ab67616d0000b2732cc7f91bdbd30dd7c408777a","1","4","221466","https://p.scdn.co/mp3-preview/c5a64efb7ca4914609df72d1f4e4278495ed2738?cid=9950ac751e34487dbbe027c4fd7f8e99","false","44","spotify:user:sebastianelisapfeifer","2019-11-14T11:24:55Z"
"spotify:track:1lWmCmqZFXjxjeyIlRG0Ha","The Spell","spotify:artist:0ITZTtiARs01n5EPOKV4Z5","La Scaltra","spotify:album:26P5gkIcLO0ftC9Hvk3swQ","The Third Eye","2019-06-14","https://i.scdn.co/image/ab67616d0000b27353eaeb007d2d05d513138050","1","2","291373","https://p.scdn.co/mp3-preview/85f9fbed6592c622b32bb95c27231d1ff17b5038?cid=9950ac751e34487dbbe027c4fd7f8e99","false","14","spotify:user:sebastianelisapfeifer","2019-11-14T11:28:35Z"
"spotify:track:09oUFZKJtkxPic7OgczAbh","You Could Be the One","spotify:artist:4HxBVyHaUa60eCSsJWxwWR","Sisters of Mercy","spotify:album:6ZYZP5vOJY6FhehA2UtQGG","More","1990","https://i.scdn.co/image/ab67616d0000b2736e85c0a1567a9d1888e20a7e","1","2","240085","https://p.scdn.co/mp3-preview/59bd9c59b0d3bb62db1d3c358302b850cf68bc5c?cid=9950ac751e34487dbbe027c4fd7f8e99","false","11","spotify:user:sebastianelisapfeifer","2019-11-27T23:47:16Z"
"spotify:track:4iVTSRiJAA18d3QglhyJ6Q","A Forest","spotify:artist:7bu3H8JO7d0UbMoVzbo70s","The Cure","spotify:album:6hmiQJ6FbPEQIDeKEIKSck","Seventeen Seconds","1980-04-18","https://i.scdn.co/image/ab67616d0000b2734f6d78b7fb2ba87ed33fcd7e","1","7","354640","https://p.scdn.co/mp3-preview/d2af5b49ae7e97fc83503f3710d88685d11e8215?cid=9950ac751e34487dbbe027c4fd7f8e99","false","66","spotify:user:sebastianelisapfeifer","2019-12-08T22:15:18Z"
"spotify:track:4ipk7f550Qn5jetErsw94n","The River","spotify:artist:7wxXs62y8Gjf6c6pxrnWIl","Twin Tribes","spotify:album:3YErUJykOxWthdugvHD22D","The River","2019-11-08","https://i.scdn.co/image/ab67616d0000b273f02b69d0718dc7222607c174","1","1","236568","https://p.scdn.co/mp3-preview/3f753150060ba059107a08df8698b588772a42bf?cid=9950ac751e34487dbbe027c4fd7f8e99","false","19","spotify:user:sebastianelisapfeifer","2019-12-23T19:24:24Z"
"spotify:track:2ZiAhZOpTjNgh3JpTGYAyh","This Corrosion - New Version for Digital","spotify:artist:4HxBVyHaUa60eCSsJWxwWR","Sisters of Mercy","spotify:album:2I5WCmOZo17YkcEwjXbLvc","Floodland","1987","https://i.scdn.co/image/ab67616d0000b2737f16b5473cc45f755ec03c82","1","5","570694","https://p.scdn.co/mp3-preview/1edbeb19ef04bef6e8162c83e277fa9a4e568121?cid=9950ac751e34487dbbe027c4fd7f8e99","false","41","spotify:user:sebastianelisapfeifer","2020-01-15T20:38:15Z"
"spotify:track:3ygieRb5jtzYCRmkf5kKEK","Love Will Save You","spotify:artist:79S80ZWgVhIPMCHuvl6SkA","Swans","spotify:album:5sZc6Cya4QYkMLajvoj5Ts","White Light from the Mouth of Infinity","1991","https://i.scdn.co/image/ab67616d0000b27327ef0af660ffc9f8e33e563a","1","6","366706","","false","0","spotify:user:sebastianelisapfeifer","2020-01-21T22:59:27Z"
"spotify:track:2maZJ52Kw3cdOTAKC25bCM","Acid Ocean - Remix","spotify:artist:0DLfONSFG8AA0cQvh1yCrz","Project Pitchfork","spotify:album:7pwGzC514Pohr45X9ap1C9","Black","2013-01-25","https://i.scdn.co/image/ab67616d0000b273a007c5cadd2d76cb8aa8bd9e","2","4","350630","https://p.scdn.co/mp3-preview/177e63f374eb44cb6e741032adcd8dad70026ead?cid=9950ac751e34487dbbe027c4fd7f8e99","false","14","spotify:user:sebastianelisapfeifer","2020-01-25T19:10:42Z"
"spotify:track:66tZtZgSFNopMAVQvbN6rW","Timekiller - Video Edit / Original","spotify:artist:0DLfONSFG8AA0cQvh1yCrz","Project Pitchfork","spotify:album:04l1KwFh4glzIrlhWY8N6h","Daimonion","2001-02-26","https://i.scdn.co/image/ab67616d0000b2739d95bb15fe1ccd726051dfd0","1","2","263960","https://p.scdn.co/mp3-preview/7c317a2e32f39833d6496405d6b88ca68de1a72d?cid=9950ac751e34487dbbe027c4fd7f8e99","false","39","spotify:user:sebastianelisapfeifer","2020-02-29T15:10:40Z"
"spotify:track:38wCbVfMreML5ZhF5iQuKA","Disorder - 2007 Remaster","spotify:artist:432R46LaYsJZV2Gmc4jUV5","Joy Division","spotify:album:0cbpcdI4UySacPh5RCpDfo","Unknown Pleasures","1979-06-01","https://i.scdn.co/image/ab67616d0000b2733fb6bc46c932ca1ab168526a","1","1","209039","","false","7","spotify:user:sebastianelisapfeifer","2020-03-01T02:40:51Z"
"spotify:track:1YPCIt1n4wA9lxABzHZETw","Horse","spotify:artist:5o091S7arpMWByV0Yu30r0","Eyes Of The Nightmare Jungle","spotify:album:1zp74KK7mXsm41F11GOmUN","Fate","2005-07-06","https://i.scdn.co/image/ab67616d0000b273407ba60c2a40143495db5162","1","3","165826","https://p.scdn.co/mp3-preview/5cd585002c0b2c5011ee4cee6d3ba7f21f565377?cid=9950ac751e34487dbbe027c4fd7f8e99","false","10","spotify:user:sebastianelisapfeifer","2020-04-12T13:26:55Z"
"spotify:track:4hXmglfywNnDlINzNo3v2R","Pressure - Radio Version","spotify:artist:5o091S7arpMWByV0Yu30r0","Eyes Of The Nightmare Jungle","spotify:album:6mA3ZbU24FVwWldzhn301O","Shadow Dance - The Best Of","2008-04-04","https://i.scdn.co/image/ab67616d0000b27387bffecb7c7312855c3721ba","1","2","230453","https://p.scdn.co/mp3-preview/0ebc8748ecd2f8dfa8b5a1b4380bee4200180a47?cid=9950ac751e34487dbbe027c4fd7f8e99","false","10","spotify:user:sebastianelisapfeifer","2020-04-12T13:26:55Z"
"spotify:track:5FNRqWozBtzZP0wLwy2wcz","Dreamstealers","spotify:artist:5o091S7arpMWByV0Yu30r0","Eyes Of The Nightmare Jungle","spotify:album:6mA3ZbU24FVwWldzhn301O","Shadow Dance - The Best Of","2008-04-04","https://i.scdn.co/image/ab67616d0000b27387bffecb7c7312855c3721ba","1","5","267813","https://p.scdn.co/mp3-preview/6611c4726acc7b7fb8923e26ae860fa8f9edd1b9?cid=9950ac751e34487dbbe027c4fd7f8e99","false","13","spotify:user:sebastianelisapfeifer","2020-04-12T13:26:55Z"
"spotify:track:2FfUxvwaNTtPYlyrESKtQH","No Lesson","spotify:artist:5BC3lvcEEOqVrqMaPjYrgu","Soviet Soviet","spotify:album:17HnpGk66isnHowhOVyRT1","Fate","2013-11-11","https://i.scdn.co/image/ab67616d0000b27328a0105ae569ea5eb09e5eca","1","6","266496","https://p.scdn.co/mp3-preview/a95f1dd25574ea55dc7cd20dd1c0ee49d3bd5798?cid=9950ac751e34487dbbe027c4fd7f8e99","false","50","spotify:user:sebastianelisapfeifer","2020-04-25T10:59:19Z"
"spotify:track:7A14uXHs9N57XoFMIDm1au","Enjoy the Silence","spotify:artist:4OAddazJM576euUnFSvXSL","Lacuna Coil","spotify:album:75dseaFJYt3Glq8vVcEnhA","Enjoy the Silence - EP","2006","https://i.scdn.co/image/ab67616d0000b273e248b57e37a55492551e949c","1","1","246146","https://p.scdn.co/mp3-preview/cd1c64d143a59e03f828fd7f906eefa8984092d5?cid=9950ac751e34487dbbe027c4fd7f8e99","false","24","spotify:user:sebastianelisapfeifer","2020-05-31T18:02:35Z"
"spotify:track:7CGJ8bX9yCRYaBjECFs4QY","Laura","spotify:artist:3m8KqUjgKDwmJ9L9uBHMMs","Fields Of The Nephilim","spotify:album:6MHq62strb5rUYlXwqzwDR","From Gehenna To Here","2001","https://i.scdn.co/image/ab67616d0000b273cafd9ac79170b61942d20ff1","1","4","232426","https://p.scdn.co/mp3-preview/c27f3c82d39a42a7cac3559f012b6a5ca9cb2a99?cid=9950ac751e34487dbbe027c4fd7f8e99","false","23","spotify:user:sebastianelisapfeifer","2020-06-01T21:32:01Z"
"spotify:track:1ycz5DvATLtmn2pOU8u38C","Be My Druidess","spotify:artist:0blJzvevdXrp21YeI2vbco","Type O Negative","spotify:album:6BkeUWI72Lssc077AxqQek","October Rust (Special Edition)","1996-08-19","https://i.scdn.co/image/ab67616d0000b273704dd95c3ea01a719da5d5d4","1","4","325840","https://p.scdn.co/mp3-preview/790c45ecbebe9da2f601ee48cc98335d5b968540?cid=9950ac751e34487dbbe027c4fd7f8e99","false","47","spotify:user:sebastianelisapfeifer","2020-06-01T22:27:40Z"
"spotify:track:5AQqtXvhgDKl3v4JzkdEsG","A Night Like This","spotify:artist:7bu3H8JO7d0UbMoVzbo70s","The Cure","spotify:album:7zJzNs8eVgbkVVSQSwKRtx","The Head On The Door","1985-08-26","https://i.scdn.co/image/ab67616d0000b2731dda5f57ba5c203f775ea2dd","1","8","256320","https://p.scdn.co/mp3-preview/f671ccecfccec889d5a931c7a8b1e43ea3bd1c12?cid=9950ac751e34487dbbe027c4fd7f8e99","false","46","spotify:user:sebastianelisapfeifer","2020-06-01T22:52:13Z"
"spotify:track:7Bqz2cjdtsdFyMYiAdZdnK","Just a Lifetime","spotify:artist:55XX7sgmxtVFNJnHrQMXh5","The Legendary Pink Dots","spotify:album:5nEQkSEKzKHefdY6w9nxKm","The Crushed Velvet Apocalypse","1990","https://i.scdn.co/image/ab67616d0000b273130707613419f04aca068f11","1","6","466506","https://p.scdn.co/mp3-preview/09b96cb4ad8579e3a5f044890764c8fc2dc4079d?cid=9950ac751e34487dbbe027c4fd7f8e99","false","41","spotify:user:sebastianelisapfeifer","2020-06-01T22:59:26Z"
"spotify:track:3A6pYIUJ7jspDJdab9pCPo","Asimilasyon","spotify:artist:6paE8ghTau4qwwNzVRSgjR","She Past Away","spotify:album:2tuiAgjwrn1rKciu8dqNmB","Narin Yalnızlık","2015-05-06","https://i.scdn.co/image/ab67616d0000b273187b654f744c1e5395048e69","1","2","252093","https://p.scdn.co/mp3-preview/55000c0413b993ee2b3d0dd24efd8cb0159106ed?cid=9950ac751e34487dbbe027c4fd7f8e99","false","42","spotify:user:sebastianelisapfeifer","2020-06-11T16:18:34Z"
"spotify:track:4CDnW862OsTk8Vlup3nA0u","The Passion Of Lovers","spotify:artist:5N5tQ9Dx1h8Od7aRmGj7Fi","Bauhaus","spotify:album:0Zw1hVbG92bW2oO6b3S2SL","Bauhaus - 1979-1983 Volume One","1986","https://i.scdn.co/image/ab67616d0000b273d951700560c3627500821e24","1","13","233400","","false","10","spotify:user:sebastianelisapfeifer","2020-06-15T20:16:21Z"
"spotify:track:2wJ2oinGR4C23su7ZeqVdT","Nine While Nine","spotify:artist:4HxBVyHaUa60eCSsJWxwWR","Sisters of Mercy","spotify:album:0m2z3FmoowUGY4Gwu9y7nh","First and Last and Always Collection","1985-01-01","https://i.scdn.co/image/ab67616d0000b273a86b38c060c9d527588ed716","1","8","250466","https://p.scdn.co/mp3-preview/97df46dfed0a4c9e79a0a1ce5e605be9e8ba7eb0?cid=9950ac751e34487dbbe027c4fd7f8e99","false","39","spotify:user:sebastianelisapfeifer","2020-06-21T22:03:59Z"
"spotify:track:1JhORTF6h6N2lpb3lLWeqv","She's In Parties","spotify:artist:5N5tQ9Dx1h8Od7aRmGj7Fi","Bauhaus","spotify:album:12U3k2UeDnmqE4id0G7uOb","Bauhaus - 1979-1983 Volume Two","1986-05-01","https://i.scdn.co/image/ab67616d0000b273551cca8de5b835c41eb4163a","1","13","231066","","false","31","spotify:user:sebastianelisapfeifer","2020-06-21T22:11:14Z"
"spotify:track:64M5ClXAgxTxmujhWN75XY","Flowers","spotify:artist:2yZHZ21tq76N2oc3G4zScF","Rozz Williams and Gitane D...","spotify:album:3gJiXAaXhHgInF3spF1d3m","Dream Home Heartache","1995-01-01","https://i.scdn.co/image/ab67616d0000b27333c4059b79c50fb6d0b23125","1","5","367330","https://p.scdn.co/mp3-preview/2fc756a386a3eeef57ff69fe862e73dc8ce50ad2?cid=9950ac751e34487dbbe027c4fd7f8e99","false","27","spotify:user:sebastianelisapfeifer","2020-06-28T14:33:08Z"
"spotify:track:5ND2AEOcEZX4xD1w0Mgl5W","Holiday on the Moon","spotify:artist:09mvgMBvJkxarNIDGdwPWg","Love and Rockets","spotify:album:2XJblHmHQJiopDHW3aUaWg","Sorted! The Best Of","2002-09-02","https://i.scdn.co/image/ab67616d0000b273a5a275c59e8cf55c42723087","1","6","365706","","false","28","spotify:user:sebastianelisapfeifer","2020-06-28T14:38:56Z"
"spotify:track:00v2nM4VtmpsoD7QvHnAIF","It Could Be Sunshine","spotify:artist:09mvgMBvJkxarNIDGdwPWg","Love and Rockets","spotify:album:2XJblHmHQJiopDHW3aUaWg","Sorted! The Best Of","2002-09-02","https://i.scdn.co/image/ab67616d0000b273a5a275c59e8cf55c42723087","1","12","298773","","false","4","spotify:user:sebastianelisapfeifer","2020-06-28T14:50:28Z"
"spotify:track:5guasiYhIKTJC84TNsazSm","Romeo's Distress","spotify:artist:6mEohczxsctzkEIU0WAeWD","Christian Death","spotify:album:59uGWiIsDCv9OKEplQEjO2","Only Theatre of Pain","1982","https://i.scdn.co/image/ab67616d0000b2733c2ab17e5834174976c3acc1","1","8","196106","https://p.scdn.co/mp3-preview/3238dee2c3135a2f703ecda6cd39f063e1b0bbf2?cid=9950ac751e34487dbbe027c4fd7f8e99","false","53","spotify:user:sebastianelisapfeifer","2020-07-06T20:36:49Z"
"spotify:track:448t63bYlXVmM04NzeWoxG","Tower Of Strength","spotify:artist:4SAdMucvHyws4QTeAUsPtE","The Mission","spotify:album:101pZCdJGdRsrEULeMaPwL","Children","1987-11-11","https://i.scdn.co/image/ab67616d0000b273680b1553d60b192e7e8fa620","1","5","486240","https://p.scdn.co/mp3-preview/318c0ccffba84e344381aac74fb57713a5f69002?cid=9950ac751e34487dbbe027c4fd7f8e99","false","46","spotify:user:sebastianelisapfeifer","2020-07-06T20:51:47Z"
"spotify:track:2pwdD26Y1GsIhrAOETKzQS","Swamp Thing","spotify:artist:4HLWX9kzfraiCsTvrxJEXm","The Chameleons","spotify:album:0OyyvqyS0iVQZXNhcwd3F6","Strange Times","1986-01-01","https://i.scdn.co/image/ab67616d0000b27320d41c65991480cb9828bc5f","1","5","356800","https://p.scdn.co/mp3-preview/032ed9ce66a410fef392c9ddab4e724967e69291?cid=9950ac751e34487dbbe027c4fd7f8e99","false","50","spotify:user:sebastianelisapfeifer","2020-07-06T21:02:23Z"
"spotify:track:66glXjjFvlS5r1gDUK4ugq","She Sells Sanctuary","spotify:artist:49DW3KvkyjHO35mK1JnSyS","The Cult","spotify:album:34rzRePuHmHNXxYEAge4E9","Pure Cult","2000-06-05","https://i.scdn.co/image/ab67616d0000b273cbac400cf08b25913e98969c","1","1","252533","","false","0","spotify:user:sebastianelisapfeifer","2020-07-06T21:17:39Z"
"spotify:track:1Vm4cPqMS50k2zM70viOOl","Hollow Eyes","spotify:artist:6ixeWfTvnU1VOVPEVP5Bcq","Red Lorry Yellow Lorry","spotify:album:3uAvHdRx5uat8LE97Uq9c8","Talk About The Weather","1985","https://i.scdn.co/image/ab67616d0000b27350c23972f2fd8e4b5580c561","1","4","219426","https://p.scdn.co/mp3-preview/92fac60b28ce4b00b4672c0d38c28f3bc67f834d?cid=9950ac751e34487dbbe027c4fd7f8e99","false","37","spotify:user:sebastianelisapfeifer","2020-07-06T21:20:53Z"
"spotify:track:4aiCy98MqryFBPOKN8e9GP","The Hanging Garden","spotify:artist:7bu3H8JO7d0UbMoVzbo70s","The Cure","spotify:album:0qJ30kPyjNkKjtV5h0JpHm","Pornography","1982-05-03","https://i.scdn.co/image/ab67616d0000b273bc895ce03f0a5dfd2f1597b5","1","3","272266","https://p.scdn.co/mp3-preview/672a53d5906a05bdc4b38df1bf31cc96b93020c1?cid=9950ac751e34487dbbe027c4fd7f8e99","false","43","spotify:user:sebastianelisapfeifer","2020-07-06T21:21:49Z"
"spotify:track:58RDwkonFMOkoytBtIQetc","Love You to Death","spotify:artist:0blJzvevdXrp21YeI2vbco","Type O Negative","spotify:album:6BkeUWI72Lssc077AxqQek","October Rust (Special Edition)","1996-08-19","https://i.scdn.co/image/ab67616d0000b273704dd95c3ea01a719da5d5d4","1","3","428800","https://p.scdn.co/mp3-preview/6108f9457cbef3c51415d0654865a49094c0954e?cid=9950ac751e34487dbbe027c4fd7f8e99","false","56","spotify:user:sebastianelisapfeifer","2020-07-06T21:23:27Z"
"spotify:track:1ZGGE74Aw6YFBwJbmuiEZH","Deathwish","spotify:artist:6mEohczxsctzkEIU0WAeWD","Christian Death","spotify:album:59uGWiIsDCv9OKEplQEjO2","Only Theatre of Pain","1982","https://i.scdn.co/image/ab67616d0000b2733c2ab17e5834174976c3acc1","1","11","134000","https://p.scdn.co/mp3-preview/6eb5fd56c3fa88a26d8e6aa0c95df051a835f8f7?cid=9950ac751e34487dbbe027c4fd7f8e99","false","42","spotify:user:sebastianelisapfeifer","2020-07-06T21:26:51Z"
"spotify:track:7qmqs3jG9Mjr2GRIja8ZEj","Driven Like the Snow - Vinyl Version; New Version for Digital","spotify:artist:4HxBVyHaUa60eCSsJWxwWR","Sisters of Mercy","spotify:album:2I5WCmOZo17YkcEwjXbLvc","Floodland","1987","https://i.scdn.co/image/ab67616d0000b2737f16b5473cc45f755ec03c82","1","7","278173","https://p.scdn.co/mp3-preview/b6f6c3a1467e2d13f41805e87b9569f72aaca719?cid=9950ac751e34487dbbe027c4fd7f8e99","true","35","spotify:user:sebastianelisapfeifer","2020-07-17T19:39:36Z"
"spotify:track:6KN2ncY81I8YcJQvvQwTMq","Heart Full Of Soul","spotify:artist:5VHOOpcGmWji9BY05GauUK","Ghost Dance","spotify:album:77eWGDWDYON0TJx2dJYy4P","Brides of Goth","2020-03-31","https://i.scdn.co/image/ab67616d0000b273d5e3cb984508e7ac0000cb14","1","3","145840","https://p.scdn.co/mp3-preview/ec1790649ecf80e09c357071f3ec20994f87d731?cid=9950ac751e34487dbbe027c4fd7f8e99","false","7","spotify:user:sebastianelisapfeifer","2020-07-22T19:20:04Z"
"spotify:track:2RLfw0afOJClrefsfe08It","Radar Love","spotify:artist:5VHOOpcGmWji9BY05GauUK","Ghost Dance","spotify:album:4Klza2vmGyGuvfD3yIKsBi","War of the Worlds - The Complete Fantasy Playlist","2020-03-19","https://i.scdn.co/image/ab67616d0000b273afcd7c7217768fc3e36699f6","1","11","273693","https://p.scdn.co/mp3-preview/f1a0eb0a9eee8cac61d4541735bacd72a1aa5ceb?cid=9950ac751e34487dbbe027c4fd7f8e99","false","3","spotify:user:sebastianelisapfeifer","2020-07-22T19:20:12Z"
"spotify:track:0sMuR3ofiqEH6MBk5FMpOB","Can the Can","spotify:artist:5VHOOpcGmWji9BY05GauUK","Ghost Dance","spotify:album:1AR8Q2X0g2CdBPe4feHa62","Girls Just Wanna Have Fun Vol. 2","2020-07-03","https://i.scdn.co/image/ab67616d0000b2735cd76b4ee017b375a2f7eb18","1","3","197680","https://p.scdn.co/mp3-preview/9617eca22da4b1009fc94fa4c7c722dfcce5ef53?cid=9950ac751e34487dbbe027c4fd7f8e99","false","1","spotify:user:sebastianelisapfeifer","2020-07-22T19:20:18Z"
"spotify:track:3BDx2xPqvIm0ACEpe222bB","Torch - New Version for Digital","spotify:artist:4HxBVyHaUa60eCSsJWxwWR","Sisters of Mercy","spotify:album:45hGlbZBJac3W0GuKfk9c8","Floodland Collection","1987-11-13","https://i.scdn.co/image/ab67616d0000b27325a0bf458b6b880eafef419f","2","2","237276","https://p.scdn.co/mp3-preview/e94fceb739db6f7704d658c2aeb83685eb3c6c2a?cid=9950ac751e34487dbbe027c4fd7f8e99","false","26","spotify:user:sebastianelisapfeifer","2020-09-06T22:50:51Z"
"spotify:track:6CAvslNIfjK0RzKzRl9vGt","Bloodsucker","spotify:artist:7qhbjSjlmtdOCCwmYsqG62","Paralysed Age","spotify:album:6AjPr6xgV8VFyyqEiJXjy7","Empire Of Thevampire","2009-01-27","https://i.scdn.co/image/ab67616d0000b273f7ede1086946f1996538b952","1","1","290293","https://p.scdn.co/mp3-preview/0c088c36d925d5c683bbeaf3ed11c34b4fd1356d?cid=9950ac751e34487dbbe027c4fd7f8e99","false","36","spotify:user:sebastianelisapfeifer","2020-09-20T15:55:49Z"
"spotify:track:1VM3ik0OWhutgrOCUkyLx8","Nocturne","spotify:artist:7qhbjSjlmtdOCCwmYsqG62","Paralysed Age","spotify:album:6AjPr6xgV8VFyyqEiJXjy7","Empire Of Thevampire","2009-01-27","https://i.scdn.co/image/ab67616d0000b273f7ede1086946f1996538b952","1","7","277586","https://p.scdn.co/mp3-preview/aacf0c9969118fc2df2be9043b3ca2d27680b38b?cid=9950ac751e34487dbbe027c4fd7f8e99","false","27","spotify:user:sebastianelisapfeifer","2020-10-11T20:58:42Z"
"spotify:track:2rC1Llqbxcqz68PkDbKBbE","Morella's Sleep","spotify:artist:7qhbjSjlmtdOCCwmYsqG62","Paralysed Age","spotify:album:6AjPr6xgV8VFyyqEiJXjy7","Empire Of Thevampire","2009-01-27","https://i.scdn.co/image/ab67616d0000b273f7ede1086946f1996538b952","1","2","346693","https://p.scdn.co/mp3-preview/ad4ae5869c1b9e16016d749918271c764c0f3688?cid=9950ac751e34487dbbe027c4fd7f8e99","false","23","spotify:user:sebastianelisapfeifer","2020-10-11T20:58:50Z"
"spotify:track:5S3xzixfsrAoRt0wgW6xpB","Patricia In Pain","spotify:artist:7qhbjSjlmtdOCCwmYsqG62","Paralysed Age","spotify:album:1YkINDoBS3tcL9dYMtl1v3","Tragedia Nosferata","2006-10-31","https://i.scdn.co/image/ab67616d0000b27322af026684b880d84d818386","1","2","364653","https://p.scdn.co/mp3-preview/34095757166c1f28f0220e57946bd9f5fc02ebca?cid=9950ac751e34487dbbe027c4fd7f8e99","false","21","spotify:user:sebastianelisapfeifer","2020-10-11T20:59:08Z"
"spotify:track:6uaYkRmMibdqDGORvKRrY9","My Guest","spotify:artist:7qhbjSjlmtdOCCwmYsqG62","Paralysed Age","spotify:album:1YkINDoBS3tcL9dYMtl1v3","Tragedia Nosferata","2006-10-31","https://i.scdn.co/image/ab67616d0000b27322af026684b880d84d818386","1","9","284173","https://p.scdn.co/mp3-preview/ba08aa664666e70dfc7692b05eb0da6b85879728?cid=9950ac751e34487dbbe027c4fd7f8e99","false","18","spotify:user:sebastianelisapfeifer","2020-10-11T20:59:45Z"
"spotify:track:5S25Rkxlf35pdqIK92WLmG","Jelly Dream","spotify:artist:2wlAmzYHzTIzffpfqUc4Pz","Geometric Vision","spotify:album:7ITwzY8mAvPIzRyIXXRGdJ","Fire! Fire! Fire","2018-04-23","https://i.scdn.co/image/ab67616d0000b27309cf9551083701da79bd797a","1","6","243223","https://p.scdn.co/mp3-preview/a94a363147bb10e15d74ab1521cf02b5079a2813?cid=9950ac751e34487dbbe027c4fd7f8e99","false","37","spotify:user:sebastianelisapfeifer","2020-11-15T23:05:55Z"
"spotify:track:3pK4yaCyG4HbRmdx61JRqL","Kalt","spotify:artist:28meEMqGpDrolyQ9OVoDAH","Kælan Mikla","spotify:album:70ZmO9j3dgCcTCGwW530vP","Kælan Mikla","2016-06-30","https://i.scdn.co/image/ab67616d0000b27373f68b69fab8bddc47b9d1ff","1","6","231850","https://p.scdn.co/mp3-preview/e42456363ff9d47b288cc0719ba6c47ac37a8a61?cid=9950ac751e34487dbbe027c4fd7f8e99","false","39","spotify:user:sebastianelisapfeifer","2020-11-15T23:06:29Z"
"spotify:track:7kpzgooVFBM8k4tdMvY2LV","Dancefloor Satellite","spotify:artist:5czxb5xFLgj6UaV6ysKPJg","Aeon Sable","spotify:album:3MEE3659kxX2JIGWGY4ZR1","Saturn Return","2012-12-12","https://i.scdn.co/image/ab67616d0000b273e1d8d0d867087c47c36b039f","1","3","351115","https://p.scdn.co/mp3-preview/887aa104c4f99986f1c65d0c8daaa2bcd3c41e0b?cid=9950ac751e34487dbbe027c4fd7f8e99","false","22","spotify:user:sebastianelisapfeifer","2020-11-15T23:07:02Z"
"spotify:track:2nlZXuEOc2jtntW37SBRTT","Sadness Is Rebellion","spotify:artist:6w8h2uD28BEdg7bX4k3Lh7","Lebanon Hanover","spotify:album:7iOwibdJg2i7SQEBpe5EIR","Tomb for Two","2013-10-10","https://i.scdn.co/image/ab67616d0000b273f134621be38f4fdabbf33442","1","1","224266","https://p.scdn.co/mp3-preview/cc2b5c65c4489cc5e02ab300614f60bfc177a859?cid=9950ac751e34487dbbe027c4fd7f8e99","false","46","spotify:user:sebastianelisapfeifer","2020-11-15T23:07:24Z"
"spotify:track:06Ne5ZSMIoqVtRwxzOp9ft","Walk Into the Sun","spotify:artist:03FKngvcynr4H8PuTP8n19","The March Violets","spotify:album:5ZgrlWIPhODOEV0kTpiuYh","The Botanic Verses","1993","https://i.scdn.co/image/ab67616d0000b27393a900613d1242db2a634e04","1","2","291306","https://p.scdn.co/mp3-preview/c7e901b87a6d9f6ac0e097aca35010c3e4b67b53?cid=9950ac751e34487dbbe027c4fd7f8e99","false","24","spotify:user:sebastianelisapfeifer","2020-11-15T23:08:24Z"
"spotify:track:11Q5n9PmpRQbbblwHygugt","The Cry of Mankind","spotify:artist:7iMWWdRNiCJwGOGEIYr02z","My Dying Bride","spotify:album:7lPBSJlgg96SWGOOCNqPLv","The Angel & The Dark River","1995-01-01","https://i.scdn.co/image/ab67616d0000b2737dc8bf02a8cb4de27616bd88","1","1","733333","https://p.scdn.co/mp3-preview/ca48d4b91b9842bd4ab3e8b9c508b9f9ec2ce933?cid=9950ac751e34487dbbe027c4fd7f8e99","false","36","spotify:user:sebastianelisapfeifer","2020-11-15T23:16:43Z"
"spotify:track:20goDx14UZviYtCPtLbqvs","Lucretia My Reflection - Vinyl Version; New Version for Digital","spotify:artist:4HxBVyHaUa60eCSsJWxwWR","Sisters of Mercy","spotify:album:2I5WCmOZo17YkcEwjXbLvc","Floodland","1987","https://i.scdn.co/image/ab67616d0000b2737f16b5473cc45f755ec03c82","1","3","295250","https://p.scdn.co/mp3-preview/67bd06b54549e70c1d15a81c0028ae6b8e2eebf6?cid=9950ac751e34487dbbe027c4fd7f8e99","false","53","spotify:user:sebastianelisapfeifer","2020-11-28T22:38:11Z"
"spotify:track:6kb4WZXGjI1kUiQoTCFgel","Do You Think So? I Don't","spotify:artist:3gc8yqKUqi2whU2wVQXBa3","Dial M For Murder!","spotify:album:7jEMNPalE6nG8W5X6qTCyO","Fiction of Her Dreams","2009","https://i.scdn.co/image/ab67616d0000b2730589910ea3cfefff8e00b250","1","6","166226","https://p.scdn.co/mp3-preview/5b0ee2db3c9d50a5e9717501c72932145968879b?cid=9950ac751e34487dbbe027c4fd7f8e99","false","11","spotify:user:sebastianelisapfeifer","2020-12-02T07:42:25Z"
"spotify:track:3ESdYvHHCnQMnPfTjYWmMw","Adrenaline","spotify:artist:0UnBsBrom4chs5rnjRBtIK","Rosetta Stone","spotify:album:4gtEJI7W3W0RCtAuR2EDw4","Adrenaline","1993","https://i.scdn.co/image/ab67616d0000b27306c6e042edfdb7117d873b3e","1","2","220960","https://p.scdn.co/mp3-preview/a2fc19d6ec503a1cb1a30da3015423f0b16cd3e3?cid=9950ac751e34487dbbe027c4fd7f8e99","false","39","spotify:user:sebastianelisapfeifer","2020-12-02T07:44:57Z"
"spotify:track:4Q6Scp4fYooOXdickW9dvU","Knocking on Heaven's Door - Live Bootleg Recording","spotify:artist:4HxBVyHaUa60eCSsJWxwWR","Sisters of Mercy","spotify:album:39YeTqcH6bORvAQDgiTgrb","Vision Thing","1990-03-01","https://i.scdn.co/image/ab67616d0000b273cf4d841762fc1d917cb901fa","3","2","413974","https://p.scdn.co/mp3-preview/ac302ce6c222b0a799f4fb6e8cd1a9bd37cf1d5c?cid=9950ac751e34487dbbe027c4fd7f8e99","false","20","spotify:user:sebastianelisapfeifer","2020-12-06T20:26:11Z"
"spotify:track:3PG8tlYguBazRvFEvRjBvX","Floorshow","spotify:artist:4HxBVyHaUa60eCSsJWxwWR","Sisters of Mercy","spotify:album:5fdbQYbqTnCLNTibBdoerT","Some Girls Wander by Mistake","1992-09-01","https://i.scdn.co/image/ab67616d0000b27306ac6ffd2f6f0d15d9c545fd","1","2","220630","https://p.scdn.co/mp3-preview/651b4905386b2057a32779369f093dcc73582cca?cid=9950ac751e34487dbbe027c4fd7f8e99","false","31","spotify:user:sebastianelisapfeifer","2020-12-13T12:25:29Z"
"spotify:track:0REpPp52QdY7Uz4e4yjpHH","Colours - New Version for Digital","spotify:artist:4HxBVyHaUa60eCSsJWxwWR","Sisters of Mercy","spotify:album:45hGlbZBJac3W0GuKfk9c8","Floodland Collection","1987-11-13","https://i.scdn.co/image/ab67616d0000b27325a0bf458b6b880eafef419f","2","3","436593","https://p.scdn.co/mp3-preview/ebc4d58d1e7244a08cb4784c003cdb2f72986076?cid=9950ac751e34487dbbe027c4fd7f8e99","false","28","spotify:user:sebastianelisapfeifer","2020-12-16T23:39:53Z"
